Model,Features,Samples,RMSE,RMSE_std,R²,R²_std
Minimal,3,879,0.7050348343909166,0.28663186047974665,0.0771975863338301,0.04734729565187129
Extended,4,879,0.5945132918073478,0.27030671870402206,0.3448211790771464,0.07676222343960919
Full,7,296,0.5445132444857029,0.28910747285237415,0.5282162192626756,0.10220477726610082
